{
    "config_used": {
        "USE_FIXED_N": false,
        "FIXED_N_VALUE": 2.7
    },
    "global_metrics": {
        "A_avg": -45.829132080173196,
        "n_avg": 1.6767215334803534
    },
    "gateways": {
        "004A026B": {
            "A": 1431.296510050496,
            "n": 32.97942352571543,
            "count": 56
        },
        "080605EE": {
            "A": -71.98433011518003,
            "n": 1.2755329126970831,
            "count": 353
        },
        "08060622": {
            "A": -72.63712296774378,
            "n": 1.402796659446923,
            "count": 210
        },
        "08060716": {
            "A": -70.94155260455477,
            "n": 1.3531234617754688,
            "count": 422
        },
        "080E00B9": {
            "A": -65.74757957914466,
            "n": 1.71131098578259,
            "count": 143
        },
        "080E0116": {
            "A": -71.44491281775274,
            "n": 1.3044933368702556,
            "count": 421
        },
        "080E0149": {
            "A": -83.27653750916751,
            "n": 0.97410076680312,
            "count": 310
        },
        "FF01052A": {
            "A": -30.452334169760576,
            "n": 2.3241746024093204,
            "count": 426
        },
        "FF010560": {
            "A": -63.336306401966425,
            "n": 1.3934063597845066,
            "count": 341
        },
        "FF010581": {
            "A": -86.95991530431962,
            "n": 0.700028181622512,
            "count": 156
        },
        "FF010595": {
            "A": -91.50121381639903,
            "n": 0.7253695831599052,
            "count": 218
        },
        "FF0105C2": {
            "A": -282.9915061619594,
            "n": -4.118228719408295,
            "count": 45
        },
        "FF0105CB": {
            "A": -69.79786862488282,
            "n": 1.134699112011444,
            "count": 374
        },
        "FF010605": {
            "A": -117.59472190588994,
            "n": 0.04543106226035347,
            "count": 160
        },
        "FF01060B": {
            "A": -140.51352771670807,
            "n": -0.6806040928241753,
            "count": 57
        },
        "FF010628": {
            "A": -95.96429331506238,
            "n": 0.5069173225319209,
            "count": 295
        },
        "FF010639": {
            "A": -93.57573555860957,
            "n": 0.5400575240832649,
            "count": 248
        },
        "FF010667": {
            "A": -58.829711530987645,
            "n": 1.632903176959416,
            "count": 381
        },
        "FF010714": {
            "A": -83.86265095678361,
            "n": 0.8729436677182141,
            "count": 505
        },
        "FF010719": {
            "A": -111.80462066539944,
            "n": 0.09650520104673685,
            "count": 235
        },
        "FF010721": {
            "A": -86.12738837546733,
            "n": 0.7501529601269866,
            "count": 252
        },
        "FF01072B": {
            "A": -66.65212583952606,
            "n": 1.3593301817634849,
            "count": 388
        },
        "FF010739": {
            "A": -77.76271932496681,
            "n": 1.0466489398047774,
            "count": 365
        },
        "FF0107BB": {
            "A": -88.56762892455205,
            "n": 0.6194119045726172,
            "count": 15
        },
        "FF0107C9": {
            "A": -78.3268237628748,
            "n": 0.9976991906786322,
            "count": 331
        },
        "FF01085B": {
            "A": -79.62871211034157,
            "n": 1.0172810457505517,
            "count": 280
        },
        "FF010877": {
            "A": -96.72427789569679,
            "n": 0.4496763235729758,
            "count": 356
        },
        "FF010894": {
            "A": -208.722348456107,
            "n": -2.4034423921603523,
            "count": 19
        },
        "FF0108A3": {
            "A": -84.1527420610121,
            "n": 0.9163150103287843,
            "count": 335
        },
        "FF010930": {
            "A": 29.198552440137348,
            "n": 3.4881841011224815,
            "count": 12
        },
        "FF010957": {
            "A": -88.5935435571643,
            "n": 0.7966495238884626,
            "count": 117
        },
        "FF01099B": {
            "A": -56.96867934692448,
            "n": 1.5589602093836952,
            "count": 471
        },
        "FF010EFE": {
            "A": -97.61055895260574,
            "n": 0.4522636278386162,
            "count": 336
        },
        "FF01753E": {
            "A": -71.64137218230638,
            "n": 1.2798227690362283,
            "count": 388
        },
        "FF017649": {
            "A": -90.70090959902348,
            "n": 0.674071725004773,
            "count": 423
        },
        "FF0178DF": {
            "A": -74.94754526602765,
            "n": 1.1845654541340074,
            "count": 378
        }
    }
}